id,label
1008142548.jpg,1.0
1072157342.jpg,1.0
1113768888.jpg,1.0
114251805.jpg,1.0
1176894803.jpg,1.0
1218523717.jpg,1.0
159163820.jpg,1.0
1714696851.jpg,1.0
1790319061.jpg,1.0
1849571285.jpg,1.0
1909629301.jpg,1.0
1955463864.jpg,1.0
2021239499.jpg,1.0
2143275369.jpg,1.0
2174889455.jpg,1.0
2210767635.jpg,1.0
2324073630.jpg,1.0
2433057323.jpg,1.0
2453300950.jpg,1.0
2490802199.jpg,1.0
2502117114.jpg,1.0
2524986603.jpg,1.0
2557965026.jpg,1.0
255823836.jpg,1.0
2595003761.jpg,1.0
2628143794.jpg,1.0
2753309511.jpg,1.0
2805717623.jpg,1.0
2828422738.jpg,1.0
2948559947.jpg,1.0
3027573642.jpg,1.0
3268077993.jpg,1.0
3295550498.jpg,1.0
3403529762.jpg,1.0
3522526655.jpg,1.0
362383094.jpg,1.0
3647124621.jpg,1.0
3731307161.jpg,1.0
3791239954.jpg,1.0
379373523.jpg,1.0
3819082104.jpg,1.0
4152070738.jpg,1.0
4213525466.jpg,1.0
447826793.jpg,1.0
465394840.jpg,1.0
655873382.jpg,1.0
752884975.jpg,1.0
811026048.jpg,1.0
823298994.jpg,1.0
85453943.jpg,1.0
870659549.jpg,1.0
990768027.jpg,1.0
997973414.jpg,1.0
